id,submitdate,lastpage,startlanguage,seed,studentdata[SQ003],studentid,fechaaplicacion,Q001,Q002,Q003,Q004,Q005,Q006,Q007,Q008,Q009,Q010,Q011,Q012,Q013,Q014,Q015,Q016,Q017,Q018,Q019,Q020
1,1980-01-01 00:00:00,5,es-MX,187160190,3,,2022-02-07 00:00:00,B,A,B,D,D,B,B,C,D,C,C,99,C,B,C,D,B,D,99,D
2,1980-01-01 00:00:00,5,es-MX,1647276566,3,,2022-02-07 00:00:00,B,D,B,D,B,B,B,C,B,B,A,A,C,C,B,B,B,D,C,D
3,1980-01-01 00:00:00,5,es-MX,997324813,3,,2022-02-07 00:00:00,B,D,B,D,B,B,B,C,B,B,A,A,C,B,B,B,B,D,,D
4,1980-01-01 00:00:00,5,es-MX,190511816,3,,2022-02-07 00:00:00,B,D,A,D,C,A,B,99,D,D,A,B,C,D,D,D,99,C,C,D
5,1980-01-01 00:00:00,5,es-MX,1144094216,3,,2022-02-07 00:00:00,C,B,C,D,A,C,A,C,B,A,A,A,C,B,B,C,B,C,C,D
6,1980-01-01 00:00:00,5,es-MX,1988597126,3,,2022-02-07 00:00:00,B,D,A,C,C,A,B,C,D,D,A,B,C,D,D,D,C,C,C,D
7,1980-01-01 00:00:00,5,es-MX,129096575,3,,2022-02-07 00:00:00,99,99,99,A,99,A,A,99,C,B,C,99,A,B,B,D,B,D,99,D
8,1980-01-01 00:00:00,5,es-MX,1896885252,3,,2022-02-07 00:00:00,A,A,A,99,99,99,99,99,99,99,99,99,99,99,99,99,99,99,99,99
9,1980-01-01 00:00:00,5,es-MX,1166724322,3,,2022-02-07 00:00:00,99,D,99,D,99,99,99,99,99,99,A,A,99,B,99,C,99,99,99,D
10,1980-01-01 00:00:00,5,es-MX,1010729063,3,,2022-02-07 00:00:00,B,B,B,D,C,D,A,C,C,D,D,A,A,B,C,D,C,A,B,D
11,1980-01-01 00:00:00,5,es-MX,2116675635,3,,2022-02-07 00:00:00,A,B,A,D,C,B,B,C,A,,D,B,B,B,C,A,B,B,B,D
12,1980-01-01 00:00:00,5,es-MX,355389883,3,,2022-02-07 00:00:00,D,D,A,D,C,A,B,C,B,D,D,A,B,C,C,C,B,D,C,C
13,1980-01-01 00:00:00,5,es-MX,459539655,3,,2022-02-07 00:00:00,B,D,A,B,D,C,C,99,D,C,C,99,C,A,A,C,B,A,C,99
14,1980-01-01 00:00:00,5,es-MX,1538816496,3,,2022-02-07 00:00:00,A,D,B,99,D,C,C,99,A,B,C,99,C,A,99,C,B,A,99,A
15,1980-01-01 00:00:00,5,es-MX,1699603471,3,,2022-02-07 00:00:00,C,D,D,D,C,A,B,99,D,D,D,99,99,B,C,D,B,D,99,D
16,1980-01-01 00:00:00,5,es-MX,614419598,3,,2022-02-07 00:00:00,C,D,D,D,C,A,B,99,D,D,D,99,A,B,C,D,B,C,99,D
17,1980-01-01 00:00:00,5,es-MX,569057721,3,,2022-02-07 00:00:00,A,D,A,C,C,C,C,C,A,A,B,C,A,A,C,A,B,A,C,D
18,1980-01-01 00:00:00,5,es-MX,569592757,3,,2022-02-07 00:00:00,99,99,99,99,99,99,99,99,99,A,C,C,B,B,99,B,99,D,99,D
19,1980-01-01 00:00:00,5,es-MX,1105314848,3,,2022-02-07 00:00:00,C,D,A,D,C,A,B,C,D,C,D,A,D,B,A,B,B,C,C,C
20,1980-01-01 00:00:00,5,es-MX,2095668647,3,,2022-02-07 00:00:00,A,B,A,D,99,D,B,C,D,C,D,A,C,B,C,C,B,B,C,D
21,1980-01-01 00:00:00,5,es-MX,813586569,3,,2022-02-07 00:00:00,A,B,B,B,A,A,B,D,C,D,D,C,A,B,C,B,B,B,C,B
22,1980-01-01 00:00:00,5,es-MX,1300530776,3,,2022-02-07 00:00:00,B,99,99,99,B,D,B,C,D,C,D,A,C,B,C,C,B,A,C,D
23,1980-01-01 00:00:00,5,es-MX,1953056493,3,,2022-02-07 00:00:00,B,99,99,99,99,99,99,99,D,99,99,99,99,B,99,99,B,A,A,D
24,1980-01-01 00:00:00,5,es-MX,1526132815,3,,2022-02-07 00:00:00,B,A,B,C,C,C,A,99,D,D,C,A,A,B,C,D,B,A,99,D
25,1980-01-01 00:00:00,5,es-MX,1750933104,3,,2022-02-07 00:00:00,B,99,D,D,B,D,B,C,D,C,B,A,C,B,C,C,B,A,C,D
26,1980-01-01 00:00:00,5,es-MX,1165042654,3,,2022-02-07 00:00:00,99,,99,D,B,B,B,C,D,C,D,D,A,B,C,D,B,A,99,99
27,1980-01-01 00:00:00,5,es-MX,494946647,3,,2022-02-07 00:00:00,B,A,A,C,A,C,B,C,D,B,A,A,A,B,C,D,B,A,C,D
28,1980-01-01 00:00:00,5,es-MX,1059632496,3,,2022-02-07 00:00:00,C,D,A,B,A,D,B,C,A,C,D,C,C,B,C,C,B,C,A,D
29,1980-01-01 00:00:00,5,es-MX,810407968,3,,2022-02-07 00:00:00,B,D,A,C,B,A,B,C,D,B,C,A,C,B,C,D,B,A,C,D
30,1980-01-01 00:00:00,5,es-MX,369321122,3,,2022-02-07 00:00:00,B,D,A,C,B,A,B,C,D,B,D,A,C,B,B,C,B,A,C,D
31,1980-01-01 00:00:00,5,es-MX,916753212,3,,2022-02-07 00:00:00,B,D,A,C,B,A,B,C,A,C,B,B,A,B,C,D,B,A,C,C
32,1980-01-01 00:00:00,5,es-MX,353780542,3,,2022-02-07 00:00:00,B,A,D,C,C,B,D,D,B,C,D,A,C,B,C,C,B,A,A,C
33,1980-01-01 00:00:00,5,es-MX,1262369209,3,,2022-02-07 00:00:00,B,A,D,C,B,D,A,B,C,C,B,A,C,B,C,C,B,C,D,D
35,1980-01-01 00:00:00,5,es-MX,780474452,3,1035480375,2022-02-22 00:00:00,C,A,A,A,A,C,B,C,C,A,A,C,B,B,C,B,B,D,C,D
36,1980-01-01 00:00:00,5,es-MX,1612540281,3,1036224882,2022-02-22 00:00:00,A,B,B,A,A,C,B,C,C,B,A,A,A,A,C,C,B,A,C,D
37,1980-01-01 00:00:00,5,es-MX,1735112027,3,1037975833,2022-02-22 00:00:00,B,D,B,D,D,C,A,C,B,D,A,D,A,B,C,C,B,C,C,D
38,1980-01-01 00:00:00,5,es-MX,1889551942,3,1023645553,2022-02-22 00:00:00,B,99,99,99,99,99,A,C,99,99,99,A,99,99,A,99,B,99,99,A
39,1980-01-01 00:00:00,5,es-MX,1571110321,3,1037975433,2022-02-22 00:00:00,A,A,B,C,B,A,B,C,A,B,B,A,A,A,C,A,B,B,D,D
40,1980-01-01 00:00:00,5,es-MX,374505538,3,1035771217,2022-02-22 00:00:00,A,99,B,A,B,C,B,C,C,D,A,A,A,A,C,C,B,A,C,D
41,1980-01-01 00:00:00,5,es-MX,1871347579,3,1040878458,2022-02-22 00:00:00,C,,C,D,B,B,B,C,C,D,C,A,C,B,C,C,D,B,C,D
42,1980-01-01 00:00:00,5,es-MX,1562295399,3,1037976085,2022-02-22 00:00:00,C,B,A,A,B,C,B,C,C,B,A,A,A,B,C,C,B,A,C,D
43,1980-01-01 00:00:00,5,es-MX,138952744,3,1037976030,2022-02-22 00:00:00,C,C,A,A,B,B,B,C,C,A,A,C,B,B,C,C,B,D,C,D
44,1980-01-01 00:00:00,5,es-MX,32598129,3,1037975968,2022-02-22 00:00:00,A,A,A,A,B,B,B,C,C,A,A,C,B,B,C,C,B,D,C,D
45,1980-01-01 00:00:00,5,es-MX,1760290743,3,1040882512,2022-02-22 00:00:00,A,A,B,C,B,D,B,C,C,A,A,A,C,B,C,D,B,B,C,D
46,1980-01-01 00:00:00,5,es-MX,1079849566,3,1040576616,2022-02-22 00:00:00,C,A,D,C,B,D,B,C,C,A,A,A,C,B,C,C,B,B,C,D
47,1980-01-01 00:00:00,5,es-MX,982621039,3,1037974673,2022-02-22 00:00:00,C,C,A,A,B,B,B,C,C,A,A,C,B,B,C,C,B,D,C,D
48,1980-01-01 00:00:00,5,es-MX,748874680,3,1037975422,2022-02-22 00:00:00,A,A,A,A,B,B,B,C,C,A,A,B,A,A,A,B,B,A,A,C
49,1980-01-01 00:00:00,5,es-MX,1235911191,3,1037976213,2022-02-22 00:00:00,D,A,A,A,A,C,B,C,D,D,C,D,A,A,B,D,B,B,C,D
50,1980-01-01 00:00:00,5,es-MX,782147583,3,1044532263,2022-02-22 00:00:00,A,A,B,C,B,D,B,C,C,A,A,A,C,A,C,D,B,B,C,D
51,1980-01-01 00:00:00,5,es-MX,2099240834,3,1036224676,2022-02-22 00:00:00,99,C,A,A,B,B,B,C,C,A,A,C,B,B,C,C,B,D,C,D
52,1980-01-01 00:00:00,5,es-MX,1830554711,3,1054564367,2022-02-22 00:00:00,C,C,A,A,B,C,B,C,C,A,A,C,B,B,C,B,B,D,C,D
53,1980-01-01 00:00:00,5,es-MX,406577428,3,1057096501,2022-03-22 00:00:00,A,A,A,D,B,C,B,D,C,D,A,B,C,A,A,C,B,D,B,A
54,1980-01-01 00:00:00,5,es-MX,869032312,3,1020316951,2022-02-22 00:00:00,A,A,A,A,A,A,A,C,A,B,A,A,B,C,A,A,B,A,C,B
55,1980-01-01 00:00:00,5,es-MX,1548810258,3,1234567891,2022-02-22 00:00:00,A,A,A,D,D,C,B,C,C,B,A,A,C,A,A,C,B,A,C,D
56,1980-01-01 00:00:00,5,es-MX,511771010,3,1036133627,2022-02-23 00:00:00,A,A,A,A,B,A,A,D,A,D,99,99,99,99,99,99,99,99,99,99
57,1980-01-01 00:00:00,5,es-MX,871371015,3,1018257390,2022-02-22 00:00:00,C,A,B,A,A,A,B,D,A,A,A,C,99,99,99,B,99,A,A,D
58,1980-01-01 00:00:00,5,es-MX,47883038,3,1048020052,2022-02-23 00:00:00,A,B,A,A,A,C,C,B,A,C,A,A,A,A,B,B,D,B,B,B
59,1980-01-01 00:00:00,5,es-MX,1328809194,3,1041352935,2022-02-23 00:00:00,C,A,A,A,D,C,D,C,B,D,A,D,B,D,B,A,B,C,C,D
60,1980-01-01 00:00:00,5,es-MX,186655475,3,1101389091,2022-02-23 00:00:00,A,C,B,B,C,B,C,A,B,C,C,C,A,D,D,C,C,C,B,A
61,1980-01-01 00:00:00,5,es-MX,1170289600,3,1039911780,2022-02-22 00:00:00,99,99,99,99,99,99,99,99,99,99,99,99,99,99,99,99,99,99,99,99
62,1980-01-01 00:00:00,5,es-MX,1475322515,3,1032026675,2022-02-23 00:00:00,B,B,A,D,B,C,B,D,A,D,A,A,A,D,C,99,99,99,99,99
63,1980-01-01 00:00:00,5,es-MX,526354295,3,1034923119,2022-02-23 00:00:00,C,A,A,C,B,D,C,A,D,A,B,A,D,A,B,B,B,A,D,C
64,1980-01-01 00:00:00,5,es-MX,1909406099,3,1037975970,2022-02-23 00:00:00,B,A,A,B,B,B,B,A,A,A,A,B,B,A,D,B,A,A,A,D
65,1980-01-01 00:00:00,5,es-MX,2026830053,3,1106897567,2022-02-22 00:00:00,B,B,D,C,C,B,B,C,A,A,B,B,A,D,C,C,D,D,A,B
66,1980-01-01 00:00:00,5,es-MX,1051278405,3,1040883844,2022-02-23 00:00:00,A,D,C,B,C,B,A,C,B,D,C,C,D,B,B,A,D,C,A,C
67,1980-01-01 00:00:00,5,es-MX,879984920,3,1042686310,2022-02-23 00:00:00,B,B,A,B,C,B,B,B,B,A,A,B,D,C,B,A,B,A,D,B
68,1980-01-01 00:00:00,5,es-MX,368347785,3,7620470254,2022-02-23 00:00:00,A,A,A,A,A,C,C,D,A,D,A,D,A,A,B,B,B,A,D,B
69,1980-01-01 00:00:00,5,es-MX,1600155776,3,7620450701,2022-02-23 00:00:00,C,A,A,D,A,A,B,A,D,A,A,B,B,D,C,D,B,C,D,B
70,1980-01-01 00:00:00,5,es-MX,337926487,3,1036225018,2022-02-23 00:00:00,C,B,B,B,B,C,B,C,B,B,B,B,B,D,B,A,D,A,A,C
71,1980-01-01 00:00:00,5,es-MX,1673682049,3,1035330448,2022-02-23 00:00:00,D,A,B,B,B,A,B,A,A,A,A,B,A,A,C,D,B,D,D,B
72,1980-01-01 00:00:00,5,es-MX,1466596482,3,1033496696,2022-02-23 00:00:00,B,B,B,C,B,B,B,C,B,A,C,B,B,C,D,D,B,B,B,C
73,1980-01-01 00:00:00,5,es-MX,1743659134,3,1037975952,2022-02-23 00:00:00,B,D,D,B,A,C,B,C,D,C,C,C,D,B,C,C,D,D,C,B
74,1980-01-01 00:00:00,5,es-MX,1456665564,3,1054564405,2022-02-23 00:00:00,B,B,A,B,C,B,C,B,D,B,C,B,D,D,B,D,A,D,D,B
75,1980-01-01 00:00:00,5,es-MX,742579393,3,,2022-03-07 00:00:00,A,D,A,,,,,,,,,,,,,,,,,
77,1980-01-01 00:00:00,5,es-MX,1116031449,3,1041233045,2022-02-22 00:00:00,A,A,B,A,B,D,A,C,B,D,A,B,A,,C,D,D,A,B,D
78,1980-01-01 00:00:00,5,es-MX,911524237,3,1041233025,2022-02-22 00:00:00,B,A,C,D,B,B,C,D,A,D,A,B,A,D,C,A,B,C,C,D
79,1980-01-01 00:00:00,5,es-MX,556901572,3,1018258006,2022-02-22 00:00:00,B,A,B,A,B,A,C,C,D,A,B,C,C,D,A,C,C,A,B,B
80,1980-01-01 00:00:00,5,es-MX,978534765,3,1157213432,2022-03-22 00:00:00,A,A,C,A,C,D,A,C,A,D,A,B,C,D,D,D,C,B,C,B
81,1980-01-01 00:00:00,5,es-MX,448711359,3,1041233097,2022-02-22 00:00:00,C,A,A,B,A,D,A,C,D,C,A,B,A,D,C,D,C,B,C,B
82,1980-01-01 00:00:00,5,es-MX,490361537,3,1041233264,2022-02-22 00:00:00,C,C,D,A,B,C,B,C,D,D,A,C,A,D,C,C,C,C,C,A
83,1980-01-01 00:00:00,5,es-MX,52227802,3,1036951110,2022-02-22 00:00:00,C,C,A,C,B,C,B,D,A,C,D,B,B,D,B,A,B,C,A,D
84,1980-01-01 00:00:00,5,es-MX,567623335,3,1011222275,2022-02-22 00:00:00,A,A,C,D,C,B,C,C,B,D,B,A,B,C,B,B,B,C,A,D
85,1980-01-01 00:00:00,5,es-MX,1731300318,3,1157213007,2022-02-22 00:00:00,B,C,B,B,D,A,B,C,D,C,B,A,B,C,B,C,B,C,C,D
86,1980-01-01 00:00:00,5,es-MX,1201425259,3,1011211424,2022-02-22 00:00:00,A,C,C,B,B,A,B,C,C,B,A,B,A,B,B,A,A,A,A,D
87,1980-01-01 00:00:00,5,es-MX,1824271624,3,1041232724,2022-02-22 00:00:00,C,C,A,C,B,C,B,C,B,B,C,C,A,B,C,D,B,B,C,D
88,1980-01-01 00:00:00,5,es-MX,690664496,3,1020314044,2022-02-22 00:00:00,B,C,A,B,C,C,B,C,B,A,D,B,B,A,C,D,C,C,A,D
89,1980-01-01 00:00:00,5,es-MX,2143047885,3,1013349979,2022-02-22 00:00:00,B,D,A,B,A,D,B,C,B,C,B,B,D,B,B,A,B,A,C,D
90,1980-01-01 00:00:00,5,es-MX,504457839,3,1041232272,2022-02-22 00:00:00,C,B,A,B,B,B,B,C,D,C,D,D,C,B,C,D,B,D,C,D
91,1980-01-01 00:00:00,5,es-MX,1956313715,3,1041232095,2022-02-22 00:00:00,C,B,C,C,B,A,B,C,A,A,D,B,C,B,C,B,B,A,C,D
92,1980-01-01 00:00:00,5,es-MX,1538769278,3,1041232082,2022-02-22 00:00:00,B,D,A,A,A,B,C,D,C,B,A,B,A,A,B,A,D,A,B,B
93,1980-01-01 00:00:00,5,es-MX,302025105,3,1127958030,2022-02-22 00:00:00,C,D,A,A,B,C,B,C,A,C,B,B,D,B,B,A,B,A,A,D
94,1980-01-01 00:00:00,5,es-MX,2001162029,3,1041232365,2022-02-22 00:00:00,C,D,C,C,A,D,A,C,C,D,A,B,B,B,C,C,B,D,D,B
95,1980-01-01 00:00:00,5,es-MX,59806795,3,1036946858,2022-02-22 00:00:00,C,A,D,C,A,D,B,C,D,C,D,C,B,B,C,A,B,B,C,D
96,1980-01-01 00:00:00,5,es-MX,220745324,3,1041232112,2022-02-22 00:00:00,C,D,C,C,C,A,A,C,A,A,D,A,C,B,C,C,B,A,C,C
97,1980-01-01 00:00:00,5,es-MX,520999105,3,1036946520,2022-02-22 00:00:00,C,D,C,B,C,A,A,C,D,C,A,A,C,B,A,,B,C,A,D
98,1980-01-01 00:00:00,5,es-MX,265136029,3,1127957967,2022-02-22 00:00:00,C,D,C,B,C,D,A,C,D,C,B,A,C,B,C,D,B,C,C,D
99,1980-01-01 00:00:00,5,es-MX,918795080,3,1127957964,2022-02-22 00:00:00,B,A,A,B,A,D,A,C,A,B,B,B,A,D,C,B,B,A,A,D
100,1980-01-01 00:00:00,5,es-MX,1401295348,3,1035917989,2022-02-22 00:00:00,D,A,D,D,B,D,C,C,C,A,B,B,D,B,C,A,B,C,D,A
101,1980-01-01 00:00:00,5,es-MX,969509382,3,1036261136,2022-03-22 00:00:00,A,B,A,B,A,C,D,C,A,C,A,A,A,A,C,B,B,A,A,B
102,1980-01-01 00:00:00,5,es-MX,441036186,3,1201234761,2022-02-22 00:00:00,C,A,A,B,B,B,B,C,C,C,B,A,B,B,C,C,B,D,C,D
103,1980-01-01 00:00:00,5,es-MX,2062240405,3,1036954725,2022-02-22 00:00:00,C,D,A,D,A,C,B,D,D,C,B,A,B,A,A,B,B,D,A,D
104,1980-01-01 00:00:00,5,es-MX,798663909,3,1040882781,2022-02-22 00:00:00,C,D,A,B,B,C,B,C,A,C,A,C,C,B,C,D,C,A,C,D
105,1980-01-01 00:00:00,5,es-MX,1047069065,3,1018257134,2022-02-22 00:00:00,A,A,B,D,B,D,B,D,C,D,B,D,C,D,C,B,C,C,C,A
106,1980-01-01 00:00:00,5,es-MX,746933497,3,1063962500,2022-02-23 00:00:00,C,A,C,C,D,B,A,C,C,C,D,C,C,C,C,A,B,D,D,D
107,1980-01-01 00:00:00,5,es-MX,1670601646,3,1129685389,2022-02-23 00:00:00,B,99,99,99,99,A,99,99,A,99,99,99,99,A,99,A,99,A,A,99
108,1980-01-01 00:00:00,5,es-MX,1969884668,3,1045513667,2022-02-23 00:00:00,A,99,B,A,D,B,A,D,B,C,C,A,D,B,C,D,D,A,B,B
109,1980-01-01 00:00:00,5,es-MX,2081805285,3,1033654883,2022-02-22 00:00:00,B,A,A,A,C,C,A,D,A,A,C,A,D,A,B,C,A,A,B,A
110,1980-01-01 00:00:00,5,es-MX,,3,1040882842,2022-02-22 00:00:00,D,A,A,D,B,D,B,A,A,B,A,C,A,D,B,A,D,A,A,D
111,1980-01-01 00:00:00,5,es-MX,2056609881,3,1067170320,2022-02-23 00:00:00,B,B,D,D,99,B,C,C,C,C,D,D,C,A,A,A,D,D,A,D
112,1980-01-01 00:00:00,5,es-MX,1208608125,3,76264477938,2022-02-22 00:00:00,C,D,B,D,B,D,B,C,D,A,A,A,C,D,C,C,B,C,C,D
113,1980-01-01 00:00:00,5,es-MX,1267170368,3,1377994,2022-02-23 00:00:00,D,C,99,B,99,B,C,C,C,D,D,A,B,A,C,A,D,D,D,A
114,1980-01-01 00:00:00,5,es-MX,1444482258,3,1157213640,2022-02-22 00:00:00,B,D,A,B,A,D,A,C,D,C,D,C,D,B,B,B,B,D,C,D
115,1980-01-01 00:00:00,5,es-MX,1007472167,3,1378000,2022-02-23 00:00:00,C,99,C,B,C,C,99,C,C,C,D,C,C,B,99,A,D,D,C,D
116,1980-01-01 00:00:00,5,es-MX,194862642,3,1377995,2022-02-23 00:00:00,C,C,A,C,C,C,C,C,C,C,C,C,C,C,C,C,99,C,C,D
117,1980-01-01 00:00:00,5,es-MX,1665420381,3,1129685267,2022-02-23 00:00:00,C,B,99,C,99,99,99,C,99,C,99,D,99,C,99,99,99,C,99,99
118,1980-01-01 00:00:00,5,es-MX,558123967,3,1110052153,2022-02-22 00:00:00,99,99,99,99,99,99,99,99,99,99,99,99,99,99,99,99,99,99,99,99
119,1980-01-01 00:00:00,5,es-MX,409608491,3,1037483801,2022-02-23 00:00:00,C,D,A,C,B,C,C,C,B,B,D,B,C,B,C,D,C,D,A,B
120,1980-01-01 00:00:00,5,es-MX,2045932550,3,1036955962,2022-02-22 00:00:00,A,99,99,99,99,99,A,A,A,A,B,C,B,D,A,C,D,C,C,D
121,1980-01-01 00:00:00,5,es-MX,235141669,3,1037483802,2022-02-23 00:00:00,A,C,A,D,A,B,C,D,A,C,B,D,A,A,C,D,C,C,D,C
122,1980-01-01 00:00:00,5,es-MX,1300857316,3,1157213716,2022-02-22 00:00:00,C,B,A,B,B,A,C,C,D,B,C,B,A,A,C,B,B,A,A,D
123,1980-01-01 00:00:00,5,es-MX,493194256,3,1036954418,2022-02-22 00:00:00,99,99,99,99,99,99,99,99,99,99,99,99,99,99,99,99,99,99,99,99
124,1980-01-01 00:00:00,5,es-MX,1800940125,3,1033657711,2022-02-22 00:00:00,99,99,99,99,99,99,99,99,99,99,99,99,99,99,99,99,99,99,99,99
125,1980-01-01 00:00:00,5,es-MX,1475331524,3,1038414106,2022-02-22 00:00:00,D,D,A,C,B,D,B,C,D,D,A,C,D,B,C,A,B,B,C,D
126,1980-01-01 00:00:00,5,es-MX,1678377226,3,1041328413,2022-02-22 00:00:00,C,C,B,D,B,C,D,D,A,D,C,B,A,A,C,B,D,A,C,A
127,1980-01-01 00:00:00,5,es-MX,116732843,3,1041328490,2022-02-22 00:00:00,C,B,A,B,C,A,A,D,C,A,C,B,C,D,C,A,B,C,A,D
128,1980-01-01 00:00:00,5,es-MX,392652595,3,1377993,2022-02-23 00:00:00,B,99,99,B,99,99,99,C,C,B,C,C,B,C,D,99,D,99,99,99
129,1980-01-01 00:00:00,5,es-MX,1808598199,3,1040883168,2022-02-22 00:00:00,C,A,D,C,B,B,B,C,A,C,D,C,C,B,C,C,B,C,C,D
130,1980-01-01 00:00:00,5,es-MX,1515740282,3,1138086922,2022-02-23 00:00:00,B,C,D,C,D,A,C,C,B,C,D,B,B,C,D,D,B,C,B,B
131,1980-01-01 00:00:00,5,es-MX,304973663,3,1037483578,2022-02-23 00:00:00,A,D,D,D,D,D,C,C,A,A,C,B,A,B,B,C,D,C,D,D
132,1980-01-01 00:00:00,5,es-MX,892953850,3,1641268842,2022-02-23 00:00:00,A,C,A,D,C,D,C,C,A,A,C,C,D,B,B,C,D,D,B,A
133,1980-01-01 00:00:00,5,es-MX,672125937,3,1234657789,2022-02-22 00:00:00,C,D,A,D,A,A,B,A,D,C,D,B,D,B,C,C,C,C,C,D
134,1980-01-01 00:00:00,5,es-MX,479285088,3,1041328485,2022-02-22 00:00:00,C,A,D,C,B,A,C,A,D,A,C,A,B,B,C,B,A,B,B,A
135,1980-01-01 00:00:00,5,es-MX,349304503,3,1036261447,2022-02-22 00:00:00,B,C,A,B,B,C,D,C,D,C,C,C,A,A,C,C,A,A,B,C
136,1980-01-01 00:00:00,5,es-MX,552739217,3,1036261214,2022-02-22 00:00:00,A,C,A,B,A,B,B,D,A,C,A,D,A,A,B,A,B,A,B,D
137,1980-01-01 00:00:00,5,es-MX,1760859739,3,1036954668,2022-02-22 00:00:00,A,B,A,B,B,A,D,C,B,C,B,B,A,D,B,C,B,C,B,D
138,1980-01-01 00:00:00,5,es-MX,311302103,3,1157213418,2022-02-22 00:00:00,C,A,A,B,B,C,B,C,D,A,A,A,C,A,C,A,B,A,B,D
139,1980-01-01 00:00:00,5,es-MX,320331296,3,76264630653,2022-02-22 00:00:00,C,A,A,A,B,D,B,C,D,C,D,B,A,B,C,D,B,A,C,D
140,1980-01-01 00:00:00,5,es-MX,582351096,3,1127056377,2022-02-22 00:00:00,C,C,C,D,C,D,D,A,D,C,A,C,D,B,C,C,B,A,A,D
141,1980-01-01 00:00:00,5,es-MX,2050042683,3,1018251534,2022-02-22 00:00:00,A,A,C,B,B,D,C,D,C,C,A,B,C,D,D,B,B,A,D,A
142,1980-01-01 00:00:00,5,es-MX,1326361771,3,1085175373,2022-02-22 00:00:00,C,B,D,C,B,C,B,C,C,D,C,A,C,A,D,D,C,A,D,D
143,1980-01-01 00:00:00,5,es-MX,1214707005,3,1036400737,2022-02-23 00:00:00,C,99,99,D,99,D,99,C,99,D,99,B,99,99,99,99,B,99,99,D
144,1980-01-01 00:00:00,5,es-MX,1165097171,3,1097115419,2022-02-22 00:00:00,B,A,A,B,C,B,C,B,B,A,B,B,D,C,B,B,A,A,B,C
145,1980-01-01 00:00:00,5,es-MX,258754445,3,11028656470,2022-02-22 00:00:00,B,B,B,B,A,B,A,B,B,D,C,C,B,C,D,C,A,B,B,A
146,1980-01-01 00:00:00,5,es-MX,1809185048,3,1039970555,2022-02-23 00:00:00,99,A,99,99,99,B,C,C,99,99,99,99,99,99,99,99,B,99,99,D
147,1980-01-01 00:00:00,5,es-MX,1633239551,3,1039970631,2022-02-23 00:00:00,B,B,A,C,D,B,A,D,C,D,A,B,C,D,A,B,99,C,99,99
148,1980-01-01 00:00:00,5,es-MX,1424667021,3,1105384635,2022-02-23 00:00:00,D,A,A,B,A,A,A,99,B,D,A,C,A,99,A,C,99,99,99,99
149,1980-01-01 00:00:00,5,es-MX,816729483,3,1023639730,2022-02-23 00:00:00,D,D,C,C,C,B,C,C,C,B,B,B,99,B,C,C,99,B,C,99
150,1980-01-01 00:00:00,5,es-MX,76612936,3,1040881406,2022-02-23 00:00:00,B,C,A,A,C,C,A,99,B,B,B,B,A,A,C,A,99,99,99,99
151,1980-01-01 00:00:00,5,es-MX,1299553801,3,1018255717,2022-02-23 00:00:00,C,B,A,A,A,A,B,D,A,B,A,B,A,A,B,B,B,C,A,99
152,1980-01-01 00:00:00,5,es-MX,1277498192,3,1031155774,2022-03-23 00:00:00,A,A,B,A,C,A,D,C,D,C,A,B,A,B,C,D,B,A,C,99
153,1980-01-01 00:00:00,5,es-MX,1248058922,3,1039970485,2022-02-23 00:00:00,C,B,A,A,C,C,A,C,99,99,99,B,99,D,C,A,99,99,A,D
154,1980-01-01 00:00:00,5,es-MX,1914500131,3,1033493951,2022-02-23 00:00:00,C,D,A,99,99,C,99,C,D,D,99,99,C,D,C,99,99,99,C,D
155,1980-01-01 00:00:00,5,es-MX,283703031,3,1040879960,2022-02-23 00:00:00,C,D,A,C,A,B,B,C,D,B,B,C,A,B,A,C,B,C,C,D
156,1980-01-01 00:00:00,5,es-MX,1758630197,3,1151448017,2022-02-23 00:00:00,C,D,C,C,B,A,B,C,D,C,D,C,A,B,C,C,B,C,C,D
157,1980-01-01 00:00:00,5,es-MX,882563196,3,1039970194,2022-02-23 00:00:00,C,,A,C,B,C,B,C,A,C,B,B,A,B,C,D,B,A,C,D
158,1980-01-01 00:00:00,5,es-MX,1342057364,3,1069492918,2022-02-23 00:00:00,C,D,D,D,B,D,B,C,D,B,B,C,B,C,,C,B,A,D,D
159,1980-01-01 00:00:00,5,es-MX,616852060,3,1039970413,2022-02-23 00:00:00,C,B,D,C,B,A,B,D,B,C,A,B,,B,B,D,99,B,C,B
160,1980-01-01 00:00:00,5,es-MX,468368995,3,1039970503,2022-02-22 00:00:00,A,A,A,B,B,C,A,C,A,B,A,A,A,A,A,B,A,A,B,B
161,1980-01-01 00:00:00,5,es-MX,1294949428,3,1041203921,2022-02-22 00:00:00,A,A,A,A,A,A,A,A,A,B,A,A,A,A,A,99,99,99,99,99
162,1980-01-01 00:00:00,5,es-MX,718160480,3,1041204030,2022-02-22 00:00:00,B,A,D,A,B,C,C,C,A,A,A,B,B,C,C,D,B,A,B,B
163,1980-01-01 00:00:00,5,es-MX,379389031,3,1039970544,2022-02-22 00:00:00,99,99,99,99,99,99,99,99,99,99,99,99,99,99,99,99,99,99,99,99
164,1980-01-01 00:00:00,5,es-MX,1515794645,3,1039970410,2022-02-22 00:00:00,D,A,A,A,C,C,B,C,A,C,B,B,A,D,B,C,B,B,A,D
165,1980-01-01 00:00:00,5,es-MX,624253371,3,1036948683,2022-02-22 00:00:00,A,A,A,A,B,C,B,C,A,B,B,B,C,A,C,D,B,B,D,D
172,1980-01-01 00:00:00,5,es-MX,781411848,3,1377996,2022-02-23 00:00:00,C,C,C,C,C,C,C,D,C,C,C,C,C,C,99,D,D,C,C,B
173,1980-01-01 00:00:00,5,es-MX,1862421406,3,1037483143,2022-02-23 00:00:00,A,A,A,C,A,C,B,D,B,B,A,B,C,B,C,D,C,A,B,D
174,1980-01-01 00:00:00,5,es-MX,418597148,3,1037483371,2022-02-23 00:00:00,A,A,B,D,A,C,B,C,A,B,A,B,C,B,C,D,C,A,B,D
175,1980-01-01 00:00:00,5,es-MX,1088264600,3,1377991,2022-02-23 00:00:00,A,D,A,A,A,A,A,C,D,A,D,B,A,B,C,C,B,A,C,D
176,1980-01-01 00:00:00,5,es-MX,1217603842,3,1037482545,2022-02-23 00:00:00,A,D,B,C,A,C,B,C,A,A,C,B,A,C,99,C,C,A,C,A
177,1980-01-01 00:00:00,5,es-MX,561967084,3,1037483272,2022-02-23 00:00:00,B,B,A,B,99,C,D,C,C,99,D,A,D,A,99,C,99,A,C,D
178,1980-01-01 00:00:00,5,es-MX,573119881,3,1039099916,2022-02-23 00:00:00,C,C,B,A,99,C,A,C,B,99,99,D,B,B,99,99,C,C,99,B
179,1980-01-01 00:00:00,5,es-MX,992051634,3,1129685157,2022-03-15 00:00:00,D,D,C,B,C,A,C,C,B,D,C,A,B,A,B,A,B,B,C,C
180,1980-01-01 00:00:00,5,es-MX,801892546,3,1037483219,2022-02-23 00:00:00,B,B,A,B,99,D,C,C,A,B,B,A,B,C,C,A,B,D,D,D
181,1980-01-01 00:00:00,5,es-MX,1632395905,3,1037483611,2022-02-23 00:00:00,C,D,A,C,B,C,C,C,B,B,D,B,,B,C,D,C,A,C,D
182,1980-01-01 00:00:00,5,es-MX,55370668,3,1037483068,2022-02-22 00:00:00,C,B,A,A,B,C,C,C,C,A,B,B,B,B,B,A,C,D,C,A
183,1980-01-01 00:00:00,5,es-MX,412455673,3,1037482836,2022-02-22 00:00:00,C,B,B,C,D,99,B,C,C,D,B,A,C,99,D,A,B,D,A,B
184,1980-01-01 00:00:00,5,es-MX,626676446,3,1037483520,2022-02-22 00:00:00,C,C,C,A,A,99,B,C,A,B,D,C,B,99,C,C,B,C,99,A
185,1980-01-01 00:00:00,5,es-MX,1810604963,3,1037483256,2022-02-22 00:00:00,A,A,99,A,99,D,D,99,A,A,D,D,A,A,99,A,99,A,A,B
186,1980-01-01 00:00:00,5,es-MX,448695494,3,1037483917,2022-02-22 00:00:00,99,99,99,A,99,A,99,C,D,B,C,D,A,A,99,A,C,D,C,A
187,1980-01-01 00:00:00,5,es-MX,284207467,3,1037482790,2022-02-22 00:00:00,A,C,B,A,D,99,C,C,B,D,A,C,A,A,A,C,B,B,C,D
188,1980-01-01 00:00:00,5,es-MX,1301231185,3,1148204813,2022-02-22 00:00:00,B,C,C,C,C,D,D,C,B,C,C,B,B,C,C,C,B,C,C,B
189,1980-01-01 00:00:00,5,es-MX,59829466,3,1037484176,2022-02-22 00:00:00,B,C,C,C,C,D,D,99,C,D,D,B,C,D,C,B,B,B,C,D
191,1980-01-01 00:00:00,5,es-MX,118451221,3,4315765,2022-02-22 00:00:00,A,B,B,B,A,B,C,C,99,B,99,B,C,B,B,D,B,99,99,99
192,1980-01-01 00:00:00,5,es-MX,265907945,3,1109925320,2022-03-22 00:00:00,B,B,A,A,B,C,D,D,99,99,99,C,C,B,C,A,B,C,B,D
193,1980-01-01 00:00:00,5,es-MX,1893924915,3,76216848,2022-02-22 00:00:00,C,B,99,D,99,B,A,C,99,B,99,B,99,B,99,D,B,99,99,99
194,1980-01-01 00:00:00,5,es-MX,1095544518,3,1097114695,2022-02-23 00:00:00,A,C,A,D,B,C,D,C,D,D,B,C,99,99,99,99,99,99,99,99
195,1980-01-01 00:00:00,5,es-MX,1449750506,3,1145124368,2022-02-23 00:00:00,C,B,A,B,B,A,A,C,A,A,D,B,A,B,C,D,B,C,99,99
196,1980-01-01 00:00:00,5,es-MX,725743477,3,1039970396,2022-02-23 00:00:00,A,A,B,C,B,D,B,C,D,C,B,C,A,B,C,D,B,B,C,D
197,1980-01-01 00:00:00,5,es-MX,259935149,3,1039970369,2022-02-23 00:00:00,A,99,99,C,B,C,A,C,A,D,A,B,B,D,D,C,B,A,A,D
198,1980-01-01 00:00:00,5,es-MX,1072760804,3,1035978604,2022-02-23 00:00:00,C,A,C,B,B,C,A,D,A,B,B,A,B,A,B,B,B,A,A,D
200,1980-01-01 00:00:00,5,es-MX,1879384832,3,1037482283,2022-02-22 00:00:00,D,C,99,C,C,D,D,C,C,D,C,D,C,99,C,B,B,A,C,D
201,1980-01-01 00:00:00,5,es-MX,1059353081,3,1037481230,2022-02-22 00:00:00,D,C,B,C,C,D,D,C,C,D,C,D,C,99,C,B,B,A,C,D
202,1980-01-01 00:00:00,5,es-MX,511078108,3,1037483274,2022-02-22 00:00:00,B,C,99,C,A,B,C,C,B,C,A,C,A,C,D,C,A,C,C,D
203,1980-01-01 00:00:00,5,es-MX,1225552489,3,1013464724,2022-02-23 00:00:00,B,A,A,A,C,D,B,C,A,B,C,B,C,C,A,B,B,B,A,D
204,1980-01-01 00:00:00,5,es-MX,1030616458,3,1378002,2022-02-22 00:00:00,A,B,C,C,D,D,D,C,A,C,B,C,D,A,B,D,99,A,A,D
205,1980-01-01 00:00:00,5,es-MX,1931754279,3,1041265835,2022-02-22 00:00:00,C,A,99,B,99,A,D,C,A,B,A,B,D,D,A,B,A,99,D,D
206,1980-01-01 00:00:00,5,es-MX,795470178,3,1037483149,2022-02-22 00:00:00,D,B,A,A,B,B,B,C,B,B,C,B,B,A,D,A,B,A,C,D
207,1980-01-01 00:00:00,5,es-MX,1572971858,3,1037482060,2022-02-22 00:00:00,D,B,A,D,A,C,D,C,B,C,C,B,B,99,D,B,B,D,C,B
208,1980-01-01 00:00:00,5,es-MX,279431358,3,1037480598,2022-02-22 00:00:00,C,B,C,C,D,B,D,C,B,99,C,D,B,D,99,B,A,C,A,D
209,1980-01-01 00:00:00,5,es-MX,1896644652,3,1129685354,2022-02-22 00:00:00,A,99,C,D,99,B,B,99,A,A,B,A,B,C,C,B,C,C,C,B
210,1980-01-01 00:00:00,5,es-MX,1425137910,3,1138086219,2022-02-22 00:00:00,D,A,B,99,C,A,B,99,99,A,A,C,A,A,99,99,99,A,99,99
211,1980-01-01 00:00:00,5,es-MX,4399908,3,1037482340,2022-02-22 00:00:00,B,A,D,B,C,B,A,C,D,C,A,C,D,B,C,D,B,A,C,D
212,1980-01-01 00:00:00,5,es-MX,2018900845,3,1067905662,2022-02-22 00:00:00,B,A,D,B,C,B,A,C,D,C,A,C,D,B,C,D,B,A,C,D
213,1980-01-01 00:00:00,5,es-MX,205430623,3,1037482772,2022-02-22 00:00:00,B,D,C,B,A,,B,A,A,D,A,B,C,99,B,D,B,A,C,D
214,1980-01-01 00:00:00,5,es-MX,1946394412,3,1037482767,2022-02-22 00:00:00,C,B,99,B,C,D,D,C,C,D,C,B,A,B,C,A,B,A,C,D
215,1980-01-01 00:00:00,5,es-MX,1427732691,3,1037482286,2022-02-22 00:00:00,C,99,A,A,B,D,C,C,C,C,B,A,C,C,C,A,B,B,C,D
216,1980-01-01 00:00:00,5,es-MX,1120121476,3,1037481526,2022-02-22 00:00:00,D,A,D,D,D,D,D,C,B,A,C,B,C,C,A,B,B,B,C,A
217,1980-01-01 00:00:00,5,es-MX,958887471,3,1037483151,2022-02-22 00:00:00,C,99,A,A,B,B,A,C,D,C,A,A,A,C,A,A,A,B,C,D
218,1980-01-01 00:00:00,5,es-MX,776317921,3,1129685273,2022-02-22 00:00:00,C,A,C,D,B,A,A,C,C,B,C,C,B,B,C,C,A,D,D,D
219,1980-01-01 00:00:00,5,es-MX,1118297666,3,1037482339,2022-02-22 00:00:00,A,C,C,C,C,D,B,99,B,C,C,B,B,99,C,C,B,C,C,D
222,1980-01-01 00:00:00,5,es-MX,2076849385,3,1041203965,2022-03-22 00:00:00,C,B,99,D,D,B,C,C,99,B,99,A,C,A,B,D,B,99,99,99
223,1980-01-01 00:00:00,5,es-MX,736808419,3,1023531172,2022-03-27 00:00:00,B,B,C,B,C,C,A,D,99,99,B,C,D,A,C,C,C,99,99,99
224,1980-01-01 00:00:00,5,es-MX,1446351900,3,1038817612,2022-03-27 00:00:00,B,A,A,B,A,A,A,D,99,99,99,99,99,99,99,99,99,99,99,99
225,1980-01-01 00:00:00,5,es-MX,1020586847,3,1046717558,2022-03-27 00:00:00,C,A,D,B,D,B,C,D,A,A,A,A,A,A,A,A,B,B,A,D
226,1980-01-01 00:00:00,5,es-MX,1585324324,3,1039970517,2022-03-27 00:00:00,C,C,C,C,C,C,C,D,C,C,C,C,C,C,C,C,A,C,C,D
227,1980-01-01 00:00:00,5,es-MX,1511056564,3,1036952385,2022-03-27 00:00:00,C,C,C,C,C,C,C,A,C,C,C,C,C,C,C,C,A,C,99,D
228,1980-01-01 00:00:00,5,es-MX,630533569,3,1018256993,2022-03-27 00:00:00,C,D,D,D,D,C,C,C,A,B,99,B,99,99,99,99,99,99,99,99
229,1980-01-01 00:00:00,5,es-MX,1650753366,3,1039970580,2022-03-27 00:00:00,A,A,B,A,A,D,B,A,99,99,99,99,99,99,99,99,99,99,99,99
230,1980-01-01 00:00:00,5,es-MX,1028259208,3,1039970566,2022-03-27 00:00:00,A,A,A,A,B,C,B,A,C,A,B,A,B,B,B,B,A,C,99,99
231,1980-01-01 00:00:00,5,es-MX,178560587,3,1020122330,2022-03-27 00:00:00,99,99,99,99,99,99,99,99,99,99,99,99,99,99,99,99,99,99,99,D
232,1980-01-01 00:00:00,5,es-MX,469045446,3,1039970504,2022-03-27 00:00:00,C,B,C,B,B,C,B,C,C,99,99,99,99,99,99,99,99,99,99,99
233,1980-01-01 00:00:00,5,es-MX,442084197,3,1157213410,2022-03-27 00:00:00,C,B,B,B,99,99,99,99,99,99,99,99,99,99,99,99,99,99,99,99
234,1980-01-01 00:00:00,5,es-MX,1807967421,3,1039970422,2022-03-27 00:00:00,99,99,99,99,99,99,99,99,99,99,99,99,99,99,99,99,99,99,99,99
235,1980-01-01 00:00:00,5,es-MX,286537022,3,1041353186,2022-03-27 00:00:00,B,99,99,C,99,C,99,D,99,99,99,99,99,99,99,99,99,99,99,D
236,1980-01-01 00:00:00,5,es-MX,2137087861,3,1039970569,2022-03-27 00:00:00,A,A,A,99,B,C,B,C,99,99,99,99,99,99,99,99,99,99,99,99
237,1980-01-01 00:00:00,5,es-MX,457155914,3,1013464812,2022-03-27 00:00:00,C,D,A,C,B,,A,C,A,B,99,99,99,99,99,99,99,99,99,99
238,1980-01-01 00:00:00,5,es-MX,1602248998,3,1023644937,2022-03-27 00:00:00,99,C,B,B,C,C,A,99,A,99,99,99,99,99,99,99,99,99,99,99
239,1980-01-01 00:00:00,5,es-MX,185778293,3,1039970610,2022-03-27 00:00:00,C,A,C,C,B,D,B,C,D,C,A,99,99,99,99,99,99,99,99,99
240,1980-01-01 00:00:00,5,es-MX,273974018,3,1039970470,2022-03-27 00:00:00,D,D,D,D,B,C,B,A,D,B,99,99,99,99,99,99,99,99,99,99
241,1980-01-01 00:00:00,5,es-MX,77960618,3,1039311321,2022-03-27 00:00:00,C,D,A,C,B,A,A,B,99,99,99,99,99,99,99,99,99,99,99,99
242,1980-01-01 00:00:00,5,es-MX,868021583,3,1025667609,2022-03-27 00:00:00,C,D,A,C,A,C,B,C,A,C,99,99,99,99,99,99,99,99,99,99
243,1980-01-01 00:00:00,5,es-MX,1333381271,3,1041203321,2022-03-27 00:00:00,D,A,C,A,B,D,A,C,A,D,A,C,B,B,A,99,99,99,99,99
244,1980-01-01 00:00:00,5,es-MX,171231988,3,1041204357,2022-03-27 00:00:00,B,B,A,A,B,D,B,C,99,99,99,99,99,99,99,99,99,99,99,99
245,1980-01-01 00:00:00,5,es-MX,1692830803,3,1018256044,2022-03-27 00:00:00,B,C,C,C,C,C,C,B,C,C,C,C,C,C,C,C,C,C,D,D
246,1980-01-01 00:00:00,5,es-MX,1406094446,3,837925124062013,2022-03-27 00:00:00,B,C,B,C,D,A,B,D,C,A,A,B,D,B,C,D,B,B,C,D
247,1980-01-01 00:00:00,5,es-MX,1977793925,3,1041233092,2022-03-27 00:00:00,A,C,A,D,A,C,C,D,B,B,D,B,D,C,A,C,D,A,C,D
248,1980-01-01 00:00:00,5,es-MX,433055898,3,1041233294,2022-03-27 00:00:00,C,A,B,D,C,D,C,D,,C,D,C,D,D,B,A,C,D,C,D
249,1980-01-01 00:00:00,5,es-MX,1653246046,3,75855407055,2022-03-27 00:00:00,B,C,A,C,A,B,C,C,A,A,B,A,A,A,C,,A,D,C,D
250,1980-01-01 00:00:00,5,es-MX,1511346847,3,1041410438,2022-03-27 00:00:00,D,D,D,C,C,C,C,D,C,B,A,B,D,B,C,D,B,C,C,D
251,1980-01-01 00:00:00,5,es-MX,337189840,3,1493884,2022-02-23 00:00:00,D,B,A,B,C,C,B,99,D,A,B,A,A,D,A,D,99,A,B,D
252,1980-01-01 00:00:00,5,es-MX,65722429,3,141931,2022-02-23 00:00:00,B,B,D,C,A,C,A,B,B,A,C,D,C,C,B,C,,B,99,D
253,1980-01-01 00:00:00,5,es-MX,107370114,3,1063374,2022-02-23 00:00:00,A,A,A,D,D,A,A,C,A,C,A,A,C,A,A,A,A,A,A,B
254,1980-01-01 00:00:00,5,es-MX,1819733088,3,94084,2022-02-23 00:00:00,A,C,A,D,B,C,B,C,D,A,B,D,C,B,C,B,B,B,C,D
255,1980-01-01 00:00:00,5,es-MX,1659945114,3,1107380,2022-02-23 00:00:00,A,B,C,D,A,C,B,C,B,A,C,C,C,C,C,B,C,B,C,D
256,1980-01-01 00:00:00,5,es-MX,1935018095,3,446075,2022-02-23 00:00:00,A,A,B,D,D,A,A,C,D,C,A,D,C,B,D,A,99,A,C,D
257,1980-01-01 00:00:00,5,es-MX,2098377926,3,1083030,2022-02-23 00:00:00,99,A,C,99,99,99,99,99,A,99,99,99,99,99,A,99,99,A,99,D
258,1980-01-01 00:00:00,5,es-MX,1854389430,3,382020,2022-02-23 00:00:00,A,A,A,D,D,A,A,C,A,C,A,D,C,B,D,A,99,A,A,D
259,1980-01-01 00:00:00,5,es-MX,546236086,3,382035,2022-02-23 00:00:00,A,A,B,C,A,99,C,99,B,B,C,A,D,B,B,C,99,D,C,D
260,1980-01-01 00:00:00,5,es-MX,1394277650,3,1409610,2022-02-23 00:00:00,A,A,D,B,A,B,C,C,99,C,A,A,B,C,99,D,C,A,A,D
261,1980-01-01 00:00:00,5,es-MX,2010391124,3,1377670,2022-02-23 00:00:00,A,C,A,C,A,C,C,99,A,D,A,B,A,C,C,C,99,C,C,D
262,1980-01-01 00:00:00,5,es-MX,391749945,3,394261,2022-02-23 00:00:00,D,C,A,B,99,D,A,C,B,C,A,B,D,B,99,B,99,A,C,D
263,1980-01-01 00:00:00,5,es-MX,1523705761,3,523281,2022-02-23 00:00:00,B,A,B,B,C,D,C,99,A,B,A,B,C,D,B,B,99,B,C,D
264,1980-01-01 00:00:00,5,es-MX,1777877259,3,146879,2022-02-23 00:00:00,A,A,B,C,D,B,C,C,C,D,A,B,C,A,B,C,C,A,A,B
265,1980-01-01 00:00:00,5,es-MX,1355840483,3,334654,2022-02-23 00:00:00,A,A,D,99,C,B,99,C,D,B,C,C,B,A,D,D,B,B,C,D
266,1980-01-01 00:00:00,5,es-MX,1679790628,3,523347,2022-02-23 00:00:00,C,A,D,A,D,B,A,C,B,A,B,A,D,A,C,A,D,D,C,B
267,1980-01-01 00:00:00,5,es-MX,975112745,3,381616,2022-02-23 00:00:00,C,D,D,C,D,C,B,D,C,B,B,A,D,B,D,B,B,C,B,B
268,1980-01-01 00:00:00,5,es-MX,1340413971,3,1107388,2022-02-23 00:00:00,A,A,A,A,C,B,A,C,D,B,C,C,B,A,C,D,B,A,C,D
269,1980-01-01 00:00:00,5,es-MX,1576266248,3,527057,2022-02-23 00:00:00,A,A,A,A,C,B,A,C,D,D,C,C,B,A,B,D,99,A,C,D
270,1980-01-01 00:00:00,5,es-MX,833375202,3,249896,2022-02-23 00:00:00,B,A,B,A,C,C,C,C,A,A,A,C,B,A,C,D,B,A,C,D
271,1980-01-01 00:00:00,5,es-MX,392916244,3,585134,2022-02-23 00:00:00,B,A,B,A,C,C,C,C,A,A,A,B,B,A,C,D,B,A,C,D
272,1980-01-01 00:00:00,5,es-MX,1935938199,3,603775,2022-02-23 00:00:00,A,A,B,C,C,C,B,C,D,A,D,D,B,B,C,D,B,D,C,D
273,1980-01-01 00:00:00,5,es-MX,1294839108,3,141884,2022-02-23 00:00:00,A,A,A,A,C,C,99,C,A,A,A,B,D,99,C,C,99,D,C,99
274,1980-01-01 00:00:00,5,es-MX,249939650,3,1241889,2022-02-23 00:00:00,A,A,A,D,A,B,B,C,D,A,D,B,C,B,C,D,B,D,C,D
275,1980-01-01 00:00:00,5,es-MX,2128075433,3,382101,2022-02-23 00:00:00,B,A,B,A,C,C,C,C,A,A,A,B,B,A,C,B,B,A,C,D
276,1980-01-01 00:00:00,5,es-MX,,3,345671298,2022-02-22 00:00:00,C,A,D,B,C,B,A,B,C,D,A,A,D,A,B,C,B,D,A,D
277,1980-01-01 00:00:00,5,es-MX,2043057781,3,345671299,2022-02-22 00:00:00,C,99,99,B,A,D,D,C,C,D,C,A,B,99,C,C,99,A,D,D
278,1980-01-01 00:00:00,5,es-MX,256833527,3,1042734265,2022-03-22 00:00:00,A,A,A,B,C,A,C,D,D,A,C,B,A,B,D,B,D,A,B,99
279,1980-01-01 00:00:00,5,es-MX,2079154021,3,1128804513,2022-03-22 00:00:00,C,A,C,C,99,D,B,C,C,D,A,C,C,99,D,C,99,B,C,D
280,1980-01-01 00:00:00,5,es-MX,1314287821,3,1042734270,2022-03-22 00:00:00,A,99,A,D,A,A,D,C,B,C,A,B,C,D,B,C,D,C,B,A
281,1980-01-01 00:00:00,5,es-MX,2138786909,3,1042734477,2022-03-22 00:00:00,B,C,B,C,B,A,A,99,B,D,A,C,A,C,99,B,99,C,99,99
282,1980-01-01 00:00:00,5,es-MX,1463555068,3,1042734345,2022-03-22 00:00:00,A,A,A,A,99,A,B,99,B,A,A,A,A,A,99,A,99,99,99,99
283,1980-01-01 00:00:00,5,es-MX,168514249,3,1042734443,2022-03-22 00:00:00,99,B,99,C,99,C,B,99,B,A,C,C,A,99,D,99,99,99,B,99
284,1980-01-01 00:00:00,5,es-MX,671432803,3,1042734086,2022-03-22 00:00:00,B,C,A,C,B,C,B,99,B,C,B,C,D,D,B,C,99,B,B,A
285,1980-01-01 00:00:00,5,es-MX,99095982,3,1148203025,2022-03-22 00:00:00,A,A,A,C,B,C,B,99,D,A,B,A,C,C,B,B,99,B,99,D
286,1980-01-01 00:00:00,5,es-MX,254413404,3,1148203822,2022-03-22 00:00:00,A,D,A,A,C,D,B,A,B,D,B,B,D,C,C,C,D,C,C,D
287,1980-01-01 00:00:00,5,es-MX,2138177389,3,3458797444,2022-03-22 00:00:00,A,B,D,C,B,A,D,A,B,A,D,A,D,B,A,B,A,C,C,B
288,1980-01-01 00:00:00,5,es-MX,341133546,3,1079292530,2022-03-22 00:00:00,D,99,A,99,C,A,B,99,C,B,A,C,D,B,B,B,99,D,B,99
289,1980-01-01 00:00:00,5,es-MX,769324440,3,1200714591,2022-03-22 00:00:00,A,B,99,A,99,D,A,C,B,B,A,C,B,B,B,D,B,B,99,D
290,1980-01-01 00:00:00,5,es-MX,1114905647,3,1148203819,2022-03-22 00:00:00,A,B,A,C,B,A,D,B,B,A,D,A,B,C,C,D,A,C,C,99
291,1980-01-01 00:00:00,5,es-MX,562569882,3,1045511538,2022-03-22 00:00:00,A,B,A,A,A,D,A,C,B,A,C,D,A,C,D,A,D,B,B,B
292,1980-01-01 00:00:00,5,es-MX,1002067692,3,1025769445,2022-03-22 00:00:00,A,A,B,D,C,B,A,C,A,D,C,B,C,C,D,A,B,A,D,A
293,1980-01-01 00:00:00,5,es-MX,1360611869,3,1079292656,2022-03-22 00:00:00,A,B,A,A,A,A,B,C,A,A,B,C,A,A,B,B,D,A,C,A
294,1980-01-01 00:00:00,5,es-MX,779049559,3,1042734275,2022-03-22 00:00:00,A,A,A,A,A,A,B,C,A,A,B,C,A,B,B,B,D,A,C,A
295,1980-01-01 00:00:00,5,es-MX,338717584,3,1039653697,2022-03-22 00:00:00,B,B,B,B,B,B,B,C,B,B,B,B,B,A,B,B,99,B,B,D
296,1980-01-01 00:00:00,5,es-MX,732253595,3,1077462570,2022-03-22 00:00:00,A,A,D,D,B,C,B,C,A,C,C,B,C,B,C,99,D,B,B,D
297,1980-01-01 00:00:00,5,es-MX,291587913,3,1029301390,2022-03-22 00:00:00,A,A,A,A,A,C,C,C,A,A,A,A,A,C,A,B,B,A,A,D
298,1980-01-01 00:00:00,5,es-MX,1274654020,3,1042734237,2022-03-22 00:00:00,A,D,A,C,99,A,B,D,A,D,C,D,B,B,C,A,D,D,B,99
299,1980-01-01 00:00:00,5,es-MX,1215768811,3,1042734424,2022-03-22 00:00:00,A,A,A,B,B,A,A,C,A,C,A,B,A,A,A,A,C,B,99,D
300,1980-01-01 00:00:00,5,es-MX,716027762,3,1148203601,2022-03-22 00:00:00,A,A,A,C,A,A,A,C,B,A,B,A,A,C,D,A,D,B,A,A
301,1980-01-01 00:00:00,5,es-MX,1063981974,3,1128604805,2022-03-22 00:00:00,C,A,A,B,D,C,A,D,B,A,A,B,B,D,B,99,B,B,99,B
303,1980-01-01 00:00:00,5,es-MX,1378556646,3,1036363466,2022-07-22 00:00:00,D,A,A,B,A,A,B,C,D,C,B,D,B,B,C,D,B,A,A,C
304,1980-01-01 00:00:00,5,es-MX,364446721,3,1036363463,2022-07-22 00:00:00,C,D,A,B,A,A,B,C,B,A,99,A,A,B,B,D,B,B,C,D
305,1980-01-01 00:00:00,5,es-MX,1897906602,3,1036363452,2022-07-22 00:00:00,C,D,A,C,B,B,B,C,A,D,D,B,A,D,C,D,B,A,C,D
306,1980-01-01 00:00:00,5,es-MX,979622218,3,1036363421,2022-07-21 00:00:00,D,A,A,B,A,A,B,C,D,C,B,D,B,B,C,D,B,A,A,C
307,1980-01-01 00:00:00,5,es-MX,96555270,3,1036363221,2022-08-11 00:00:00,C,D,A,A,99,D,B,C,B,D,D,C,B,C,B,D,D,D,C,A
308,1980-01-01 00:00:00,5,es-MX,634951136,3,1036363207,2022-09-20 00:00:00,C,A,A,B,B,C,B,D,D,C,D,A,A,D,B,C,B,C,C,C
309,1980-01-01 00:00:00,5,es-MX,214130018,3,1036363092,2022-08-11 00:00:00,C,B,A,B,C,C,B,A,D,D,D,A,A,D,C,C,B,B,C,D
310,1980-01-01 00:00:00,5,es-MX,1146614700,3,1025666940,2022-08-11 00:00:00,C,B,A,B,C,C,B,A,D,D,D,A,A,D,C,C,B,B,C,D
311,1980-01-01 00:00:00,5,es-MX,603392733,3,1036363214,2022-08-11 00:00:00,C,A,A,C,B,A,B,C,D,B,D,C,C,B,C,D,B,A,C,C
312,1980-01-01 00:00:00,5,es-MX,1914094579,3,1036363095,2022-08-11 00:00:00,C,C,A,B,B,A,B,C,A,C,C,B,C,B,C,C,B,B,C,B
